{
  "main_h1": {
    "n_iter": 500,
    "seed": 42,
    "actual_strategy_report": {
      "horizon": 1,
      "n_predictions": 43,
      "n_trades": 33,
      "n_long": 14,
      "n_short": 19,
      "long_threshold": 0.6,
      "short_threshold": 0.4,
      "allow_short": true,
      "cost_bps": 5.0,
      "slippage_bps": 5.0,
      "mean_gross_event_return": -0.0173605613922264,
      "mean_net_event_return": -0.021441463421162606,
      "median_net_event_return": -0.0008289753876212771,
      "hit_rate": 0.48484848484848486,
      "event_sharpe": -1.4007318000890536,
      "cumulative_net_return": -0.5771203867573683,
      "max_drawdown": -0.6301558293043671,
      "avg_trade_cost": 0.001
    },
    "null_metric": "mean_net_event_return",
    "actual_metric": -0.021441463421162606,
    "null_mean": 0.00100492518921099,
    "null_std": 0.01735523920144762,
    "one_sided_p_value_actual_ge_null": 0.906187624750499,
    "z_score_vs_null": -1.2933494231817513,
    "null_distribution_path": "artifacts\\backtest\\capital_raise_repaired_clean_slice\\main_h1\\null_shuffle_distribution.csv"
  },
  "main_h3": {
    "n_iter": 500,
    "seed": 43,
    "actual_strategy_report": {
      "horizon": 3,
      "n_predictions": 43,
      "n_trades": 36,
      "n_long": 14,
      "n_short": 22,
      "long_threshold": 0.6,
      "short_threshold": 0.4,
      "allow_short": true,
      "cost_bps": 5.0,
      "slippage_bps": 5.0,
      "mean_gross_event_return": -0.017467009853413772,
      "mean_net_event_return": 0.008795645830488604,
      "median_net_event_return": 0.032592424858982505,
      "hit_rate": 0.6944444444444444,
      "event_sharpe": 0.36482276132428715,
      "cumulative_net_return": -0.14267814028273307,
      "max_drawdown": -0.5954076468608775,
      "avg_trade_cost": 0.001
    },
    "null_metric": "mean_net_event_return",
    "actual_metric": 0.008795645830488604,
    "null_mean": 0.0035952285170371,
    "null_std": 0.022079005787351547,
    "one_sided_p_value_actual_ge_null": 0.40718562874251496,
    "z_score_vs_null": 0.2355367521317776,
    "null_distribution_path": "artifacts\\backtest\\capital_raise_repaired_clean_slice\\main_h3\\null_shuffle_distribution.csv"
  },
  "main_h10": {
    "n_iter": 500,
    "seed": 44,
    "actual_strategy_report": {
      "horizon": 10,
      "n_predictions": 43,
      "n_trades": 38,
      "n_long": 14,
      "n_short": 24,
      "long_threshold": 0.6,
      "short_threshold": 0.4,
      "allow_short": true,
      "cost_bps": 5.0,
      "slippage_bps": 5.0,
      "mean_gross_event_return": -0.07000974894149108,
      "mean_net_event_return": 0.006250903694722073,
      "median_net_event_return": 0.01864578430505137,
      "hit_rate": 0.5789473684210527,
      "event_sharpe": 0.26651003424874514,
      "cumulative_net_return": -0.14181493910747722,
      "max_drawdown": -0.6588729255263199,
      "avg_trade_cost": 0.0010000000000000002
    },
    "null_metric": "mean_net_event_return",
    "actual_metric": 0.006250903694722073,
    "null_mean": 0.009875722011733068,
    "null_std": 0.02901277035671195,
    "one_sided_p_value_actual_ge_null": 0.5329341317365269,
    "z_score_vs_null": -0.12493871741456819,
    "null_distribution_path": "artifacts\\backtest\\capital_raise_repaired_clean_slice\\main_h10\\null_shuffle_distribution.csv"
  },
  "placebo_random_h1": {
    "n_iter": 500,
    "seed": 45,
    "actual_strategy_report": {
      "horizon": 1,
      "n_predictions": 124,
      "n_trades": 94,
      "n_long": 37,
      "n_short": 57,
      "long_threshold": 0.6,
      "short_threshold": 0.4,
      "allow_short": true,
      "cost_bps": 5.0,
      "slippage_bps": 5.0,
      "mean_gross_event_return": 0.0010983851114128999,
      "mean_net_event_return": -0.005554201995924495,
      "median_net_event_return": -0.001588556027157905,
      "hit_rate": 0.4574468085106383,
      "event_sharpe": -1.3567560556021192,
      "cumulative_net_return": -0.4500444050348208,
      "max_drawdown": -0.5620968472564623,
      "avg_trade_cost": 0.0010000000000000002
    },
    "null_metric": "mean_net_event_return",
    "actual_metric": -0.005554201995924495,
    "null_mean": -0.00107095394891802,
    "null_std": 0.004485265318908698,
    "one_sided_p_value_actual_ge_null": 0.8502994011976048,
    "z_score_vs_null": -0.9995502446881529,
    "null_distribution_path": "artifacts\\backtest\\capital_raise_repaired_clean_slice\\placebo_random_h1\\null_shuffle_distribution.csv"
  },
  "placebo_shifted_h1": {
    "n_iter": 500,
    "seed": 46,
    "actual_strategy_report": {
      "horizon": 1,
      "n_predictions": 24,
      "n_trades": 22,
      "n_long": 12,
      "n_short": 10,
      "long_threshold": 0.6,
      "short_threshold": 0.4,
      "allow_short": true,
      "cost_bps": 5.0,
      "slippage_bps": 5.0,
      "mean_gross_event_return": -0.013638789029881259,
      "mean_net_event_return": -0.011134415160445029,
      "median_net_event_return": -0.01758887376555296,
      "hit_rate": 0.2727272727272727,
      "event_sharpe": -0.971348967737188,
      "cumulative_net_return": -0.24199050465438854,
      "max_drawdown": -0.400951056824811,
      "avg_trade_cost": 0.0010000000000000002
    },
    "null_metric": "mean_net_event_return",
    "actual_metric": -0.011134415160445029,
    "null_mean": -0.002004931841360186,
    "null_std": 0.01077535896228928,
    "one_sided_p_value_actual_ge_null": 0.7864271457085829,
    "z_score_vs_null": -0.8472556089347428,
    "null_distribution_path": "artifacts\\backtest\\capital_raise_repaired_clean_slice\\placebo_shifted_h1\\null_shuffle_distribution.csv"
  },
  "peer_h1": {
    "n_iter": 500,
    "seed": 47,
    "actual_strategy_report": {
      "horizon": 1,
      "n_predictions": 38,
      "n_trades": 25,
      "n_long": 8,
      "n_short": 17,
      "long_threshold": 0.6,
      "short_threshold": 0.4,
      "allow_short": true,
      "cost_bps": 5.0,
      "slippage_bps": 5.0,
      "mean_gross_event_return": 0.005133410901117088,
      "mean_net_event_return": -0.022134086520013727,
      "median_net_event_return": -0.015081881933054597,
      "hit_rate": 0.4,
      "event_sharpe": -2.356758139084006,
      "cumulative_net_return": -0.4448903859420438,
      "max_drawdown": -0.46197580949572203,
      "avg_trade_cost": 0.001
    },
    "null_metric": "mean_net_event_return",
    "actual_metric": -0.022134086520013727,
    "null_mean": -0.0030325494282558776,
    "null_std": 0.00842951839050627,
    "one_sided_p_value_actual_ge_null": 0.9920159680638723,
    "z_score_vs_null": -2.2660294701143213,
    "null_distribution_path": "artifacts\\backtest\\capital_raise_repaired_clean_slice\\peer_h1\\null_shuffle_distribution.csv"
  }
}